"","V1","V2","V3"
"1",0.977483488293056,0.0887796409987827,0.29675820908096
"2",1.7456341644855,0.841918286654343,-0.136722004111873
"3",0.165543673527528,-0.270588711936572,0.387493097806131
"4",0.649902676715542,-0.240490054928985,-0.072381146695632
"5",1.56418647394555,0.0536274668566157,-0.158173928472024
"6",1.61618262046893,0.801783190515388,-0.171202335881435
"7",0.761155358022062,-0.305054846217345,0.466416557084458
"8",0.588477093428182,-0.632303150319006,0.795943780403893
"9",1.53733424932537,0.668721953379423,0.171228869589572
"10",1.19542132734266,-0.0926296187783659,0.0474848991356075
"11",1.78306190596937,0.688353462060175,-0.242891834225566
"12",3.48315600214224,1.18167505878211,-1.26873792889941
"13",1.69541305160145,0.660150850421061,-0.0302235993586603
"14",1.04045582031885,0.0678690982327629,0.0860433285972837
"15",1.28126204452457,0.089641065819168,0.029031991578239
"16",1.72599454956064,0.848081110799164,-0.181056839082005
"17",0.747057464205775,0.288911907744801,-0.0765474179580203
"18",1.46307596993353,0.137951449377512,-0.0286928769304409
"19",1.02325537771516,0.984156138228952,0.198897303669889
"20",2.0197109512933,0.369770205431512,-0.467747046406777
"21",1.4560131403806,0.593490164066904,-0.261948565291498
"22",1.78465961940261,1.54980546993951,-0.0927115222627225
"23",-0.0903828352132039,-0.72524037752824,0.450302370829642
"24",1.46282962119377,0.611158037561852,-0.329089218104921
"25",1.09701530118809,0.234579197648564,0.12503859728712
"26",0.925140305655211,0.0476018902403391,0.111426104266722
"27",2.37955319308706,1.12330823642405,-1.02671134353593
"28",1.96684380378851,1.0776692944203,-0.435773886377857
"29",1.67775689887615,-0.0836418789301965,-0.0563424960392809
"30",-0.230622594854879,-0.0250263436109081,0.517314093820728
"31",0.197171226632264,-0.506973463875711,0.605254389423603
"32",0.944407802418804,0.329785809961838,-0.0625524338159243
"33",1.74620275786153,0.00639509387722886,-0.236117382579862
"34",2.15908173958289,0.849780524970993,-0.0544393948012589
"35",0.319339651648753,-0.0694939600683521,0.10702066044635
"36",2.43863929507571,0.900033483792499,-0.383322255760208
"37",1.40380510755208,0.539490720293539,-0.623017038482917
"38",0.760990868761038,-0.00676957641275922,0.388455846779294
"39",1.34144897982,0.0349804456302945,0.26244587352554
"40",1.31824576419075,0.150509910141776,-0.0255482293387094
"41",2.37455886141993,1.60136476576262,-0.710099708984783
"42",1.70916046616677,0.658361142022175,-0.361378387722341
"43",2.94795053763526,1.58388237772296,-0.698027592062605
"44",1.19402212080749,0.326193233889565,0.296102226642274
"45",1.68938451029258,0.164350298145516,0.346542842879769
"46",0.373184635523693,0.166626724509201,0.0870076705322346
"47",1.77112818065788,0.53927526431168,-0.532112139771294
"48",0.145762075884172,-0.184260842820816,0.230127150432884
"49",1.90098293511829,0.616261377363986,-0.200791590030175
"50",0.616458064205176,0.8896886117103,0.468771302311441
"51",2.34188375959667,-0.0358128839633199,-0.00293455674016931
"52",2.01758762402058,0.58395255818034,0.106458010987837
"53",2.1529341536094,0.646468186492794,-0.50632081112445
"54",1.05098790134952,-0.52920512824642,-0.248107212999265
"55",1.13184405310794,0.500505216498476,-0.418224846351273
"56",1.74410483950655,0.435178251436929,-0.267347122292478
"57",1.0116303493731,0.39986110806256,0.0897529852057504
"58",1.50217626758811,0.581590760737221,-0.269782476914803
"59",0.891390678641516,0.0301059891735234,0.752968637081694
"60",1.49401880598356,0.28348662818947,-0.391951404584246
"61",1.5576307874712,0.64942533869679,0.280573727503067
"62",1.31458165149065,-0.342877483871026,-0.0678663356242531
"63",1.63440417881447,0.677357191715049,-0.236825490800003
"64",1.91446307917049,0.879934460761208,-0.266129934163702
"65",0.600746641594885,-0.701771916297558,-0.189391776976557
"66",2.01023034509994,0.286380429118453,-0.324352858436239
"67",1.55356669035742,0.690326107499869,-0.546360862290337
"68",0.969394094140938,-0.541302893645562,-0.0961689366177312
"69",2.27833938428692,1.21545333385369,-0.539260026209441
"70",1.38625429981742,-0.259651521716017,0.0378199023617328
"71",2.29088363701402,0.88422685933675,-0.214122163628653
"72",0.569463246490821,0.521956001160845,0.434085852853523
"73",0.48020950901429,-0.49554815044863,0.288887208759169
"74",0.850826462560501,0.0473952169281637,0.362195541402636
"75",2.08735392027259,0.859861486693376,-0.83710498746676
"76",0.369522721348511,-0.823838993491958,0.297222728144638
"77",0.852212065666615,-0.183503903402071,0.481313160145866
"78",0.649759281846189,-0.297692706068089,0.090393519080716
"79",1.41513324869624,0.407563043094657,-0.273252496873441
"80",0.146687662955543,-0.095908993618604,0.557017799981549
"81",0.996127371963118,0.118213110159768,-0.158765128938894
"82",0.79907461989339,0.236697481990658,0.414472347885552
"83",2.09788423171175,1.28105103914938,-0.539366432384141
"84",1.49040660630818,0.233819088579618,0.246966674611403
"85",0.897503195888479,0.0766544175280168,-0.304347720593803
"86",0.927886052796382,0.247285773992723,0.292497207444973
"87",-0.13135148811121,-0.120024609437596,0.132858489775943
"88",2.16025781919476,0.787707403967368,-0.764796485544416
"89",0.774416193735516,0.291774045440039,0.336531614907283
"90",1.72308120377333,-0.223739946518988,-0.538525362000418
"91",0.584271454510309,0.48419381566491,0.762236684541665
"92",2.0420674977026,0.202653746704979,0.0173293532621428
"93",0.807955719611308,-0.0935765848362944,0.128909474997753
"94",2.57389323410855,0.567233877058102,-0.232063564849639
"95",2.35656607050526,0.464541606871079,-0.137742348434801
"96",1.66775897982998,0.0112754480537728,-0.191331854149811
"97",0.871591213548296,0.616996036389067,0.465560456388331
"98",1.25031179350892,0.592078049660087,0.0809501007353958
"99",0.404357196486136,-0.51182263002729,0.480254217145574
"100",1.16031038467061,0.472940946762059,0.202150435501847
"101",1.22652491801472,0.637292439156939,-0.430307037026455
"102",2.13666032421708,0.7806325889577,-0.889778680392303
"103",1.51827937335002,-0.03018930828209,-0.369320800615328
"104",1.10455137302363,0.372088213593107,-0.385056223154108
"105",1.64708496761997,0.476683334632582,0.114451567069263
"106",0.717020612889591,0.0674311675225252,0.926861281829831
"107",1.60933820202564,0.548069439998121,-0.138980296480891
"108",1.17373162752769,0.0733600615281956,0.121837217690857
"109",0.939081902452862,-0.121998117556865,-0.111212019753458
"110",1.84619005691701,0.58024090376134,-0.544714355905027
"111",2.16209745293427,0.869692491896825,-0.503208292938095
"112",1.59574777069881,0.121006060196695,-0.6014229608082
"113",1.89000619450704,0.955092127021294,0.101506716418692
"114",2.4648660932654,1.03946768513485,-0.903087655409548
"115",0.615089511504474,0.0549486758645549,0.280447745867535
"116",1.67423927416274,1.19570728067717,-0.879325833703647
"117",1.38279015993294,-0.0737755495237825,0.0316694838829944
"118",0.3299309851593,0.218437760780839,0.718746016612742
"119",1.20447540923811,0.571330251786762,-0.660030183866043
"120",1.22126998102142,0.848842718232543,-0.296738762736877
"121",1.61337948210894,-0.103595713227779,-0.426787839505685
"122",1.84460422726487,0.0551457508413307,-0.276361029966394
"123",1.55940206575134,0.0837471701197721,0.244270674049891
"124",0.0729481383091528,-0.131604672081099,0.704411494434594
"125",2.12937475843374,0.417475539112811,-0.279934588229519
"126",0.901552482867955,-0.164501148734763,0.582873270717268
"127",1.40737096079334,0.499554794781196,-0.242502830427592
"128",1.02432725748225,-0.0891880051280622,-0.00605418034792697
"129",2.08799633538085,0.828269351434297,-0.245239666503085
"130",1.83384584306526,0.445692265422828,-0.00345406750146009
"131",1.81129092273761,0.872427016815799,-0.492484353899241
"132",2.17399606995212,0.92812660421847,-0.462967721115412
"133",1.26336674968719,-0.184804601808358,-0.157041199230539
"134",0.901311733154982,0.325537930511732,-0.247637937011518
"135",1.28544199400122,0.582322491733089,0.242631060684256
"136",1.48542633166523,0.836736892909782,-0.11767840529355
"137",1.25477693062874,-0.174148945833551,-0.066986646897061
"138",1.01914204354046,0.0614332539490645,0.411746150695725
"139",2.00121765745043,0.376233273260567,-0.616928745496512
"140",1.86182969086735,0.730402313070842,-0.847255257183826
"141",0.791889874761001,0.411296140503778,0.0907889809852469
"142",1.41928161674254,0.520000060547563,-0.340506026776457
"143",0.372567569391771,-0.576088640562291,0.572235311290477
"144",1.02104222805251,-0.0591431235216621,-0.167234996235821
"145",1.0074817314908,-0.0418352469279082,0.303873671130857
"146",1.35766556693915,-0.00374597202073002,-0.497515203581633
"147",1.92812397963072,0.657511609709572,-0.317587715966754
"148",1.63583758920258,0.154921480458803,-0.266014938680174
"149",1.68804293852992,0.245633492337367,0.051980916742072
"150",1.12350426651833,-0.290995228439847,0.0978079490492893
"151",1.27842753431488,0.196978568955795,-0.26828885984572
"152",0.460780133699266,-0.422749717108268,0.618199648554615
"153",1.81513439535863,0.401634595735955,-0.342557197059694
"154",1.31996866882422,-0.219393301102032,0.0658560215781767
"155",1.90960458478561,0.445010381971312,-0.357287752731757
"156",0.547288995507221,0.276148149481441,0.594031262361218
"157",1.78721688189358,0.487628333170174,-0.288560389840828
"158",1.58741183310448,-0.002855475221887,-0.152647817574024
"159",0.23501760180164,-0.0619372931051863,0.190228419219901
"160",2.49457171402049,0.681042799140643,-0.858249454376854
"161",1.13700513003347,-0.003124356094103,-0.388773493979534
"162",2.70408408388179,1.28854847256453,-1.00084552193336
"163",1.48347819546376,0.496110564277562,-0.234739462677916
"164",1.70144259529005,0.711865873376184,-0.170343855268695
"165",1.57828090385779,-0.191728348247737,0.170098034716466
"166",0.756544735453528,0.575312759767841,0.582203012125763
"167",0.815503750125463,0.40605017966363,-0.108407431680611
"168",2.22819651449868,0.961092827416106,-0.634176186489377
"169",0.952686237970926,0.123055698633551,-0.0527319985019021
"170",0.836065042145909,0.0545780353360302,0.256240742288406
"171",1.32091753957771,0.0951882977464586,-0.0912491833963874
"172",0.395502780792873,0.140660184747783,0.0918750165647617
"173",1.21722706463647,-0.0689600950171712,0.0369329581751049
"174",1.24806733464953,0.125433704710121,-0.572488237711331
"175",1.3727031106736,0.32599703098089,-0.0768562860164765
"176",1.94509117006732,0.670009822149143,-0.201107904217335
"177",0.419271602165849,-0.25238592555315,0.598014299390982
"178",1.5817531610631,0.368630398269007,-0.169171325473806
"179",1.41714313570886,-0.252588787618452,0.0367941923114931
"180",1.5496331025588,0.21918376260786,0.185911191181192
"181",0.820197391977011,-0.161039319082068,-0.0264646995865738
"182",0.416002061576531,0.0865791459242558,0.422096222777318
"183",1.00655405369181,0.631465596172348,0.431320345112728
"184",1.14178190048444,0.00301504711386935,-0.209117358669589
"185",0.88204134112419,0.079996403658983,-0.0669524779206195
"186",1.59498394018984,0.762028663305486,-0.234964756069077
"187",0.413715054970634,0.352071176281324,0.0922952553795529
"188",1.09847388246855,-0.34829037724584,-0.248414364374272
"189",1.89235011742774,-0.18256958629866,-0.558004471556451
"190",1.41391547527341,-0.156610819830289,-0.0477945540199423
"191",1.68017700377426,0.549082708879945,-0.20197042064218
"192",1.19260685234261,0.515464228316121,-0.37477809512018
"193",1.74010983048108,0.959899435477481,0.126713725465173
"194",1.95537916278798,0.964212732364466,-0.261930809183237
"195",2.03854259150127,0.382076862008306,-0.320463725895003
"196",1.13631836891851,0.402380819539214,-0.622951279160172
"197",1.67180096864256,0.482264221242788,0.180776660136278
"198",1.69478093022438,0.954880030036584,-0.290842057030791
"199",1.95578486969063,1.10987953511949,-0.532981877122511
"200",1.98316452391931,1.24593405820805,-0.577561757974058
"201",1.60375783760882,-0.292192801493699,-0.314101809262392
"202",1.86156719562544,0.811223837938027,-0.645173717660235
"203",1.9306467913741,0.474358231015021,-0.267581331210404
"204",1.10965480630105,0.390757072960207,0.0831097447164748
"205",1.55109394970724,0.431723288291034,-0.131665071323077
"206",2.07772779141335,1.06858898611968,-0.781453760253651
"207",2.08338956279149,0.441745511852187,-0.193836787256859
"208",1.26387377960373,0.451223139212417,-0.00427357984120812
"209",0.625688803838734,0.00368503986625507,0.52996097819041
"210",0.984536212210647,0.499989187782529,-0.143739496204524
"211",2.04283711163364,1.05026576302561,-0.0783009971374769
"212",3.63081023522749,1.16991140805524,-0.753475326548673
"213",0.850044976596498,-0.0415820307833442,-0.169771472209724
"214",1.76779559235191,0.342883008902825,-0.182128414166186
"215",1.1466565363327,0.430272675961067,0.253510503397907
"216",1.80145417296077,1.41902690754995,0.184935255951474
"217",1.0622106898,0.612999730853726,-0.20142177671873
"218",0.435806952697296,-0.214857653780954,0.132852955113613
"219",2.16452679441076,1.01184119724932,-0.432302487335288
"220",1.8774184806309,0.627408830785267,0.0138884770313963
"221",1.58973778554372,0.662099264496361,-0.0857709167643738
"222",1.77170268055421,0.691087791458422,-0.66740818180686
"223",1.98546635944451,0.942083427311353,-0.0281229605254164
"224",2.34721491369017,0.796364106226518,-0.356728484150721
"225",1.11350682125811,1.02188147400984,-0.00144298311094904
"226",0.91904558782674,0.69721074382432,-0.496673150176728
"227",2.13020373918996,0.738821395595257,-0.294907463089519
"228",0.341581894775427,-0.0222873233052855,0.166092469198475
"229",1.05326740402324,0.229126895042942,0.108739140105884
"230",2.03773693519754,0.893211052317557,-0.497356827588747
"231",1.38616025488715,0.421570340541635,0.102744334914631
"232",-0.150261351790855,-0.00687406528832757,1.30160223156983
"233",1.22962496113699,0.00248894754529122,-0.306033648619712
"234",1.09340435968935,0.0540985429129938,-0.0290700545157355
"235",0.35946449571388,-0.634127533713427,0.709998979975535
"236",1.2696074978636,0.254367455652877,0.115752940811899
"237",0.96002699959729,0.691915643114478,-0.0814119348580576
"238",1.40594987143766,0.787189478158738,-0.158960388403404
"239",0.7296949449059,-0.336211309871435,0.0417670785466691
"240",2.30180966350213,0.914258677789644,-0.0307911801971086
"241",0.992339138431199,-0.0621201333046807,0.165483847551931
"242",0.765417503257166,0.0872596706995156,0.318018748096929
"243",1.16388250116911,-0.293693051265492,-0.153934018899592
"244",1.14368298712332,0.0539509755624916,-0.523263911942949
"245",1.43683874869753,0.789581101970184,-0.682059360832199
"246",0.774742636361606,-0.125659056136242,-0.116235333828365
"247",0.859664887036323,0.492489632993944,0.315878828536913
"248",1.10505698369699,0.508285957950014,-0.395021878181424
"249",2.28125270125716,0.799652669921773,-0.682450265275174
"250",2.32568482039143,1.35563107308219,-0.204481898954082
"251",0.614787211719957,0.327555756783778,0.167368958851355
"252",2.13917146930031,0.407790286436293,-0.257419164734934
"253",1.17142536900613,0.400480041994408,-0.371351389622891
"254",-0.502800511552379,-0.409129024542124,0.607263571093803
"255",0.755838548758616,-0.00368896726339724,0.00799621624977663
"256",1.14872371179838,0.227869647691537,0.138306821587728
"257",1.69886658414018,0.681990724130311,-0.850331340645717
"258",1.05501030910523,0.434559610815592,-0.150273715898257
"259",1.11593402623067,0.150475687107336,0.571395038823296
"260",2.03970615507988,0.553751352693927,-0.571549107920227
"261",1.23624495632496,-0.165169171074945,-0.219354907436153
"262",1.09383489423257,-0.5262708551086,0.0160534912765029
"263",2.13792272407638,1.19539977381472,-0.63421053530768
"264",0.906941442719706,-0.101119778121158,-0.157008541045188
"265",2.14847213993741,0.761615832257754,-0.987620538330861
"266",2.00241319763794,0.336471034844961,-0.672043965464651
"267",1.08408991705594,-0.0806613882608051,0.276887977692055
"268",1.70866354187644,0.220376879040742,-0.204518580993293
"269",0.354928706104506,0.501846705000688,0.718461637700513
"270",1.89974437026686,1.20485368931742,0.119293283822575
"271",1.46062308313203,0.195987503761354,-0.350426179554395
"272",1.23850003924795,0.899918812951144,0.322322538469407
"273",1.46400233129274,0.489717534883373,-0.0104248349921704
"274",2.04354180442644,0.300280851622234,-0.621164616637681
"275",2.04870670190327,-0.201073325970531,-0.613805144971944
"276",1.64234694530498,0.850383679638504,-0.575610596095443
"277",1.69401485630455,0.168695663837419,-0.250783230651339
"278",0.345389650211156,-0.285023682766862,0.21224592975888
"279",0.800122742594422,1.26201890941313,0.0506652748099791
"280",0.549749029269508,-0.026385287959397,-0.0298927218775051
"281",0.757806714641261,-0.129210563287068,0.512964652269154
"282",1.76457171751371,0.195330620110067,-0.425961405984992
"283",2.63138948950947,0.551427269232241,-0.605239083972633
"284",1.66054735085505,0.502402385194422,-0.244789036697206
"285",2.0068966109967,1.01862755901102,-0.555035860269541
"286",-0.177124391825744,-0.651299593019769,0.429404273915813
"287",1.73059471947563,-0.0290928569285579,-0.235634996926201
"288",0.832535643163696,0.0385997982496839,0.118922173955252
"289",1.8521234962908,1.52495676152752,-0.00731268404638651
"290",1.52434801557071,0.453716092812632,-0.389346490060964
"291",0.181378354267302,-0.0429989831747321,0.461721818632726
"292",1.71094688067416,0.67864460638927,-0.251821342844454
"293",1.5675429722913,1.05984406125652,-0.592103918699144
"294",1.45139565334899,0.797968381601772,-0.345694732205592
"295",1.84468753389911,0.918030740562936,-0.655552988580382
"296",0.948919425687333,0.589728811703876,-0.129538871321534
"297",2.2248545957295,1.43290164070116,-0.44593322778744
"298",0.170057088268341,0.00595932977486208,0.432125199429878
"299",2.25930807866251,0.293240995860509,-0.428440207466815
"300",0.176690601736249,0.270446932475386,0.417022425579852
"301",1.13362364550636,0.263053208539462,-0.096569354313575
"302",2.36312708959502,0.831029361185099,-0.206474965687419
"303",0.96261321209351,-0.12551617598626,-0.753020028085299
"304",2.0962560639954,0.608781296163581,-0.10871422890281
"305",0.560372876867925,0.367874056558878,0.334091634865783
"306",1.0397872373171,0.395550285180201,-0.0432182572403916
"307",0.983760665143584,0.188756297118373,0.378813451397248
"308",1.5560324720527,0.399790346638678,-0.0373658362414392
"309",1.63444067368279,0.831846000273249,0.0154903862527452
"310",2.15391730734485,0.761066535332713,-0.514404890202423
"311",2.73115983911276,1.16982180935924,-0.580789915712587
"312",0.726358912953265,-0.0814667563338514,0.270222583828907
"313",1.15120160101188,-0.0483401586512816,-0.320156658767626
"314",2.6338018084229,1.24615864613351,-1.11867159038409
"315",0.773142954382025,0.04862597017097,0.175146712446515
"316",1.19512258418227,0.871084286343957,-0.086104761148835
"317",1.08923526340702,-0.366312249873943,0.500031190511591
"318",2.39548640096704,0.759101238258073,-0.968261038930242
"319",1.60204363696697,0.503292745608521,-0.51499616943806
"320",1.70630278172532,0.957354677962531,-0.501752117268884
"321",1.26078836981912,0.746427542382815,0.225937492317062
"322",2.06192066978327,0.593412414964635,-0.435863478899698
"323",2.61494231351261,0.509332333760128,-0.86960342753517
"324",1.90997195661918,0.586919616178905,-0.245054462942292
"325",1.05364745086014,0.232678408018593,-0.0356856410346139
"326",1.26207991661595,0.328637658888256,-0.047674624258015
"327",2.21065710081138,1.19114907492974,-0.841666161014093
"328",0.783318956489743,0.175247611031238,0.0643254229723982
"329",1.67263076292728,0.644469605184661,0.00183705976609343
"330",2.57076485314123,0.0750539601198261,-0.543428846037023
"331",2.97987211551871,0.588294791547917,-1.31300189577938
"332",1.14057994669706,0.482818812481055,-0.0784484611358326
"333",0.712554464085303,-0.0811642252492298,0.651569947225768
"334",1.29466374560598,0.36320336340049,-0.160958839728805
"335",1.23999266776264,0.0317287888853416,0.0854018828634166
"336",2.965869324018,1.00228675788485,-0.397021720913143
"337",0.826052928873608,0.160193149366103,-0.248033053071487
"338",0.80313094230523,-0.493548220960858,0.0946486782342209
"339",1.33394759493274,0.947263436382499,-0.470305948159333
"340",0.963123638517,0.256418922373951,-0.221184719487957
"341",2.12836718412703,0.822929436041282,-0.776069923008896
"342",1.86066623854612,1.25502593237558,-0.656450662722558
"343",1.11597423048775,-0.446151667370033,-0.0552084551675808
"344",2.31614054540662,0.921612727295431,-0.427910524440095
"345",1.14441554512916,0.471643678765039,-0.032283020978579
"346",0.956097580434782,0.243656805225027,0.407996331100768
"347",1.92372077156918,0.955849197864294,-0.204194946538501
"348",1.54655648110494,1.38488794263977,0.375290446650971
"349",1.9290049692734,0.216493473230348,-0.603023229914224
"350",0.901062406948796,-0.391307621104166,0.270266860585288
"351",0.742355769762546,0.332791337546965,0.188743400837244
"352",1.2336996651106,0.531538342760708,0.124734862164664
"353",0.902565013319651,-0.148699761088017,0.465234660042066
"354",1.59783947974373,0.335739323020962,-0.0887875557248336
"355",2.52978277306008,1.70894870341068,-0.570380287467351
"356",1.65601136065475,0.117937468392554,-0.259648032970625
"357",1.45149719903608,0.661091624780276,-0.226622351318767
"358",1.70451158133152,0.595829292070247,-0.145928406590257
"359",-0.118131241646671,0.0841543434174595,0.715119498368589
"360",1.56889691632708,0.256632297818569,0.42065598285173
"361",2.51334134482674,0.864460953252262,-0.596862589992494
"362",0.57999948574172,-0.276578108538232,0.273883933582007
"363",0.658967024102166,-0.0763812870103296,0.281746315254778
"364",1.9747882853602,0.728907611066303,-0.563770607117202
"365",1.63670751970117,0.491401659890737,-0.406299084387578
"366",2.01035816570913,1.16191995345237,0.15464801648103
"367",1.20693247430045,0.831109456791257,-0.134577253846507
"368",1.30312857041777,0.490958885859074,-0.0387319671672663
"369",2.03644907554074,0.767643878790161,-0.198552854868722
"370",1.12371871083195,-0.0628626920935986,0.236657998095743
"371",0.89984943121834,0.109731969535189,0.442122012795022
"372",1.93537428279714,0.113438663904249,-0.280886066726075
"373",0.899144315126787,0.248520425882342,0.51794457255422
"374",1.99465591008943,0.411462121039226,-0.575387355648664
"375",1.49684126032725,0.262144481273712,-0.187717508843331
"376",2.29939117226327,0.356477300096024,-0.60504645004554
"377",0.754341008898602,-0.0557259817667033,0.204125011540586
"378",2.11601066386002,0.627602259807994,-0.0197260036549943
"379",1.58957835974034,0.587963761973534,0.0570159967769982
"380",1.80562179762446,1.03471861390109,-0.271334268823994
"381",1.2271646255949,-0.0593175885408108,0.330386693870355
"382",2.24780424101445,1.08050480445344,-0.710490078303451
"383",-0.115757753058422,-0.363335014409624,0.698405974490733
"384",1.44366723167711,0.356237595548262,0.0225630151557699
"385",1.60208209326011,0.860407982438308,-0.344666244351623
"386",0.866450716450754,0.815930819494439,0.182999006376835
"387",0.28627513342985,-0.0386819580020381,0.318832481795495
"388",1.69696548170883,-0.11978448196863,-0.357968539766055
"389",0.914664951957421,0.0122244856866945,0.334161171003921
"390",2.19674853537734,0.437137281641824,-0.812475530026762
"391",0.80447469644532,0.590633296944811,0.197379200323975
"392",0.904529446523619,0.506315638550458,0.344284524993505
"393",0.569778469998684,0.0699013722179761,-0.104380190143722
"394",0.870338065142825,-0.0450504650100539,0.284706726846431
"395",1.79826093003087,0.584209165081145,-0.809596599787978
"396",1.16822458079543,0.0125750892050518,-0.153136565045211
"397",1.02633013053593,-0.164171015079485,-0.241196601819789
"398",0.797192500688022,0.387787319152818,0.368269944218294
"399",0.68612985414089,-0.0270970154193689,0.720213368408048
"400",1.23492467458694,0.0685001556823752,-0.340783125848553
"401",1.17810293601195,0.234054122086183,0.131393382526458
"402",1.58262248719879,0.429426007897121,-0.0682631505420738
"403",2.64238749922737,0.996203773791479,-0.783668609188328
"404",0.244900190592345,-0.232589279994318,0.332654935872247
"405",1.14935423136075,0.109453001045897,0.438998140896407
"406",1.97969038238347,0.743915549372555,-0.183377178120624
"407",1.47452213299178,1.02693146938965,0.0259725667752971
"408",0.773441177883519,-0.0944881781441015,0.311565261205909
"409",2.35045936259678,0.660667940273176,-0.303390285159822
"410",1.89868050195623,0.179435998136628,-0.521018539802896
"411",1.06718382666954,0.600147129418661,0.179099730837409
"412",2.55413354857581,1.30716015536385,-0.486754052214455
"413",0.647515035151772,-0.293593829287069,0.0788407454322665
"414",3.04777124129075,0.77479250395794,-1.08970557369202
"415",1.28245916381507,0.369581561490323,0.419357832104265
"416",2.24342959363279,0.589884193586129,-0.831590806632393
"417",0.912967748381426,-0.339076891505764,0.476766755863056
"418",0.63575859153249,0.168834127244381,0.596311920077465
"419",1.36008544609921,0.275206029014454,0.315443164812336
"420",2.12594716617513,1.11429169716986,-0.339835747339286
"421",1.87594251474498,0.822658255388664,-0.504274127838211
"422",1.41756644501009,0.607798267618512,0.0680853943302962
"423",1.64122855062934,0.72938575185386,-0.600143015961923
"424",1.14111970792552,0.120849728721484,0.0634134486999316
"425",2.57303847476021,0.888630767972564,-0.0770367309665749
"426",1.1691483214158,0.0836311721482468,0.114537380293087
"427",-0.254262340831876,-1.18511347260102,0.921842550975461
"428",0.510007371002989,0.251321009873161,0.0572882446969582
"429",2.53530980239195,0.700780073316156,-0.628673264889722
"430",1.93770311811902,0.927407884011052,-0.313441012336164
"431",1.95890272408072,0.00224899678410145,0.365242100215287
"432",1.31564521273201,0.845646077147777,0.0827518064552624
"433",1.24963583304429,0.202852040804559,0.293508862626182
"434",1.42567494154217,-0.0297483958459823,-0.426902210594361
"435",1.08774416509621,-0.109926171522032,-0.290548555619915
"436",0.624632547371128,0.172573960798752,0.486355905140393
"437",1.55444638866351,0.323570148719869,-0.256925472745643
"438",1.7475405661065,0.880875209955711,-0.340398556529018
"439",0.0814079575063251,0.136720562043893,0.775426034170417
"440",1.29191169332366,-0.526488435534679,0.158641717786911
"441",1.92654940849007,0.765794442899206,-0.594012083363546
"442",0.892062036597509,-0.0472078547620159,-0.167427180349918
"443",1.14839992693179,-0.0167639384602984,0.141173785889381
"444",1.10342543419652,0.54871281673929,-0.0780352387643649
"445",0.971693312270231,-0.230615443559432,-0.503355350266579
"446",1.73914258556183,0.0533622977096833,0.00808811437024654
"447",1.32521460375059,-0.121016963986345,0.0400167406816429
"448",2.74269438367756,1.68382332835808,-0.38039063248612
"449",1.47316945223353,0.544607919684997,-0.282039622279402
"450",1.37521834724578,-0.280884657103995,-0.391919367375021
"451",2.08582383922961,0.490001231698401,-0.293772369680535
"452",1.49413524876887,0.459573317661081,-0.339164517187916
"453",1.76871447131422,0.393800254142485,-0.173808126269228
"454",2.07379090061365,1.10069301498336,-0.383091287531955
"455",1.70886039865832,1.02791628215421,-0.242507963637929
"456",2.20717788353293,0.389026861038038,-0.276443793115015
"457",2.15482532487284,0.29962336613679,-0.320600766452865
"458",1.38295413928166,0.230751316006892,0.33457455011907
"459",1.01211499344566,-0.469993282330884,0.0384168816627879
"460",2.86464514497054,0.904639791151453,-1.09977657007214
"461",1.42629407878102,0.548927167443602,0.0126808945496406
"462",1.83336845656573,1.0669455373888,-0.413641623389677
"463",2.1849367783085,1.08356191138361,0.0921257642984231
"464",1.0507894100765,-0.321133682815925,0.170328877083322
"465",1.0237329884357,-0.0670988199632883,0.300596522103952
"466",1.7444821122941,0.441171327103894,-0.362358862704735
"467",1.41554971690101,0.674601149408935,0.0174145104191749
"468",0.926642751996046,0.268394425227259,-0.0637807574804098
"469",1.68077760723568,0.362311708396941,-0.334486708162076
"470",1.30475775312322,0.112444941401448,0.0773704343344249
"471",0.386166956474432,-0.153689296007346,0.514709137871037
"472",1.03873679506449,-0.419409239702785,-0.261790046590625
"473",0.856890098227497,0.368496509445691,0.250847631602871
"474",1.30206511233537,0.397384705707745,0.16126033074149
"475",1.96235102789817,0.727674135481823,-0.374988605735161
"476",0.387005323514338,-0.0128241904209532,0.601572113505699
"477",0.322120473645746,-0.367176554291337,0.381014864720658
"478",1.74474592024879,0.524063082040625,-0.293803081744353
"479",0.866720099074559,0.257714462567405,0.142788516718731
"480",2.328880809645,0.889343830769263,-0.485510810382
"481",1.67810969488472,1.18453861571299,-0.633920180908323
"482",1.26065076298481,0.25422453169184,-0.0524542911649299
"483",1.04608170398751,0.231215740802548,0.539849800553542
"484",1.91287666145126,1.09192097731884,-0.349019209062097
"485",2.24279091550269,0.647119271414902,-0.466951448122288
"486",1.03686615724989,0.596915037321422,0.255985237457789
"487",0.651495740739962,-0.218647287303905,-0.295779481610266
"488",1.71321646634532,0.661319922476588,-0.214418199594869
"489",1.8699567751182,0.864993032893664,-0.623544471745128
"490",1.76901392250116,1.20400916496595,-0.722857238573573
"491",1.12941667216844,0.491867515438884,-0.20288738811759
"492",1.17706768943351,-0.21004216777299,-0.0240423112957124
"493",3.19612533505311,1.78788690106733,-1.0461064136621
"494",1.5411150772096,0.0230175240830522,-0.13939893874891
"495",1.63508913582908,0.0160682547569675,-0.586203982732978
"496",2.5281808933204,0.971409830412836,-0.708274035292345
"497",0.821622903646692,0.150296293181098,0.209142282565974
"498",1.65595132539188,-0.0680995433076063,-0.399623263609863
"499",-0.177623608965445,-0.487190173817836,1.0567410209855
"500",1.29328805748945,0.204050145313195,0.00546999731813168
"501",1.1927072644519,0.518580629071898,-0.775679017165534
"502",1.9792175935667,0.801558518141496,-0.421539690636707
"503",2.54258714487312,0.829162299516822,-0.610577161755068
"504",1.09128100335392,-0.245963798335601,-0.162668538412574
"505",1.13892056638217,-0.141930428487516,0.442173166214531
"506",2.34783726488683,0.753573665573854,-0.546362676055397
"507",0.925946230963629,0.67572661027304,0.402210637732331
"508",0.597392425338072,0.126863203561076,0.409942066329026
"509",1.33059252423374,0.172602982080932,-0.313294751562642
"510",0.777085835110473,0.0189705999155989,-0.0261643565070444
"511",0.597763021451794,0.719366603984645,0.274722269278393
"512",1.75875230860229,0.551318528913137,-0.181708287391166
"513",1.13121751890502,0.303513293528114,0.234096620931905
"514",2.03130634692992,1.09625545464398,0.0232832201131834
"515",1.34680599114989,-0.430668343525536,-0.285276481556108
"516",2.08201115613949,0.639453213628028,-0.274238470949024
"517",1.89015737086357,0.418972400494515,0.0833936936611816
"518",2.6543770969771,1.07666580056801,-0.301280321844269
"519",1.19281573646982,-0.051655624358328,0.14521721340388
"520",2.05396029412205,0.308538100641787,-0.579877881039538
"521",1.55157024816089,0.342081434601861,-0.390621137478684
"522",1.32994737142748,0.556585917015345,-0.365285461244448
"523",1.20722098951457,0.148533351996412,0.178654966408866
"524",1.86725499989117,0.861231059087795,-0.138228878817619
"525",0.490356007033953,-0.708924745679009,0.470425404980564
"526",1.88163065002932,0.0442644297708502,0.0825519788668871
"527",1.61650269243289,0.0321877619071019,-0.309099034493241
"528",1.90973768192244,0.161136817186147,-0.390373054035382
"529",2.7771539371363,1.03379878241976,-0.838660934959654
"530",1.79058684789336,0.775862795807337,0.165337360850603
"531",1.29071648964361,-0.295749268813929,0.0824310659261126
"532",-0.606448640272472,-0.625040514030519,0.543680885537654
"533",1.15666433922247,-0.346969617352247,0.0557911852803994
"534",1.05470045446136,-0.126223481897234,0.433080291826206
"535",1.75120229073949,0.544403902743991,-0.337531239411483
"536",1.08168293475073,0.340981787703562,0.0709894084460237
"537",1.00486818716383,0.0938539529274916,0.271142829493824
"538",1.41911433261042,0.745037320107293,-0.131531559912845
"539",2.58069710525929,1.09256231471814,-1.14041497532628
"540",1.69366323471513,0.940868171256447,-0.623535526915119
"541",1.50489995942349,0.206769489612928,-0.00579977966529981
"542",2.06071485794645,0.850766220036972,-0.148275282776463
"543",0.399729280594372,0.369065955311098,0.49310238672447
"544",0.577852425977714,0.104873818600417,0.41531911648147
"545",2.10421375505707,0.892351824232586,-0.386850399796213
"546",2.25703252201484,1.17234496458812,-0.45545946448179
"547",1.30159392687038,0.359736770384113,0.0429129728280476
"548",0.138883387164189,-0.00520263383512509,0.530652962712648
"549",2.26343745844065,0.614241887136788,0.134554135372263
"550",0.875189312019413,0.153788587770451,0.296242650508963
"551",1.558379236765,0.971013177826844,0.561763360924434
"552",1.26569874599237,0.504981067583527,-0.401445434960968
"553",2.94602328758366,1.47243842909025,-0.613581421916212
"554",1.66280850596227,0.470272267360402,-0.00852207755965453
"555",2.5727505358538,0.228207309415031,-0.210416375508717
"556",1.57454079834884,0.620714566753692,-0.0573988624034615
"557",1.75098068795432,0.486896622568732,-0.439547603794404
"558",1.46134010203282,-0.244537854940788,0.160983247414244
"559",0.93218059451857,0.189381870118517,-0.248436184316338
"560",0.147174382802817,-0.387860815260786,0.629260788186614
"561",1.23653442081535,0.466563850882927,0.0475394447540577
"562",2.37549900650937,0.389079217043043,-0.376607993761818
"563",1.23768202746178,0.249886058120858,0.619821099372578
"564",0.537739367682189,0.449553388906887,0.0698761482746447
"565",0.302092077623414,-0.596215382163076,0.581967108450061
"566",1.91306557098877,0.425087925163208,0.124145756492578
"567",1.02402769412879,0.724249116284965,0.144578547479444
"568",1.10323624251849,-0.438802793377339,0.0117362007716791
"569",1.80168658602048,1.42399919218323,-0.124772298241972
"570",0.362960708977544,-0.0862590422088337,0.252737093379328
"571",1.11132522787789,-0.318057194129812,-0.367079724601649
"572",0.684952911050634,0.0612326571866937,-0.0934442170782754
"573",2.05292566590546,0.914027979631005,-0.584154949348943
"574",1.24859774197642,0.330500894656583,-0.261960015292329
"575",3.59398579898647,1.88649353252514,-1.0827887329797
"576",1.01479987062567,0.895931298914893,0.229016061912692
"577",0.90938790743239,-0.569588333216755,-0.283369752233575
"578",0.815113220710083,0.513414849538749,0.164503163389927
"579",1.2397279485235,0.801558032025509,-0.204005853539629
"580",2.40912848879559,0.415525986596593,-0.423653618971273
"581",1.60486507289479,0.583355363299629,0.0398323143441514
"582",1.4569815671503,0.0216119044228948,0.175072045253864
"583",1.5372074525785,0.520036046413332,-0.178683179153512
"584",0.0649236988536841,-0.690278579455916,0.473204724773573
"585",1.75749180990288,0.693100476176215,-0.306540958193222
"586",1.24495014264882,-0.0720314657953355,0.153280030035185
"587",1.76344792151549,0.08172439891542,-0.0515010492937457
"588",2.29250159046871,0.616788674902876,-0.897927168901405
"589",1.54838795840328,0.919172995343558,-0.140843732441144
"590",0.126727723066579,-0.216839261074481,0.487728102745324
"591",0.605053389254711,-0.347099769243314,0.379621811642119
"592",0.410833667713967,-0.499921998906314,0.130015282800905
"593",1.28096530086789,0.359095844996617,-0.000543282622520166
"594",2.89424617733014,0.398918039243186,-0.937098389528254
"595",1.52641897192183,0.536135559979803,-0.36103676734433
"596",1.12973958793135,0.56820148356523,0.0622745135455444
"597",1.08026010691757,0.0673977968488519,-0.219268307279348
"598",1.39575250008406,0.723969948273813,-0.474737405602293
"599",1.35143986850056,1.06058026294816,0.180500299757187
"600",1.59720645615878,0.0346992482299799,-0.287133041559346
"601",2.00288365307896,1.33044665356876,-0.232928969535018
"602",1.31027677236173,-0.188731817207201,-0.0107256422499666
"603",1.03296433256528,0.578693720006722,0.319363588885096
"604",1.0357730265038,0.333148148951118,-0.0374721397756343
"605",-0.00870180854159885,-0.0785359535956673,0.419226306940906
"606",1.47873029829308,1.14424181743924,-0.312288312277307
"607",0.231617629033723,-0.280165613780954,0.31655102115349
"608",1.67228069458504,0.201897607193328,-0.452233405697042
"609",2.15410517518897,0.241306236767341,-0.183544061088209
"610",1.72292570388829,0.707438865458732,-0.236744147976045
"611",1.67585762161385,0.993414237356861,-0.439280528172644
"612",1.62065955081729,-0.0165022506167298,-0.01427739130666
"613",1.39439384427847,0.0514872003223623,0.125771814375669
"614",1.09731204085767,0.565866864799578,0.435942438718734
"615",1.64413093459599,0.0583573034357532,-0.487818536344737
"616",0.494618025714252,-0.0155319981036591,0.103928004305997
"617",2.12195313662207,0.476277760585392,-0.332662581651517
"618",1.59824056375754,-0.273475871699919,0.0323998004307711
"619",1.71186722575754,0.333331414872196,-0.0231885880642464
"620",1.05015963365499,0.680825459632656,-0.0285404781088301
"621",1.51175097756282,-0.291957443548197,-0.460206827755191
"622",0.126493023514161,-0.018936032099422,0.565916433890494
"623",0.468167502435358,0.0268589576859481,0.494319333680918
"624",0.663867048454087,0.0354049775806485,0.137447216391724
"625",1.67371416199279,0.39518039636027,-0.424017271450369
"626",0.868966995284996,0.155419239734576,0.117748668912184
"627",0.927762367349388,0.330661849600937,-0.142155979126821
"628",1.90064031739268,1.02470867899523,-0.31719893335444
"629",1.35145321058624,-0.0634170900919014,-0.232513012863704
"630",1.23895066585416,-0.4075806167886,0.300858306604647
"631",1.57529672723169,1.03019429758237,0.163678464795217
"632",0.700293690279457,0.121554236214502,0.0633568930425505
"633",1.43785866758057,0.320500997190425,-0.361899007847436
"634",1.39614592336084,1.03897704342943,-0.208371320953168
"635",1.10129476095616,0.985146205478179,-0.344146272789146
"636",1.73132961282192,0.191997277117473,-0.576685682987535
"637",0.787262036417681,1.11167763024032,0.660960511706716
"638",1.0699463728306,0.708334933925208,0.252574351355712
"639",1.18499037688493,0.307056871187243,0.169525738250772
"640",1.9345313480381,0.942472247087735,-0.0599521690674928
"641",1.86380863211251,0.702479525599602,-0.920432992872247
"642",1.30605941124581,0.147607716203128,0.197271300522896
"643",1.62461981955959,0.886679767679022,-0.357641882725836
"644",0.670162010608103,0.535669469923164,0.187583477158202
"645",0.614413696848033,-0.186067410112792,0.212134540975448
"646",2.05007471942656,0.18927905841536,-0.541447746592654
"647",1.88301612444477,0.695913726805252,-0.379843293811417
"648",0.900851218357538,-0.499200941476916,-0.0137721034238446
"649",1.37315194219443,0.590779172847385,0.205647103879874
"650",1.15032242683426,0.79676970622675,0.192088189170573
"651",1.40483671581983,0.24379885610602,-0.294591253663385
"652",0.966693599817235,-0.212253872694527,-0.102928516933965
"653",0.921138873508604,-0.00085810803718156,0.140579198484602
"654",1.56693196531869,0.614605188963795,-0.213731694863751
"655",1.05833552834192,0.445043267387963,0.294227139863192
"656",-0.332044297600749,0.354246482318456,1.01769052229135
"657",1.86614964508035,0.464432597969886,-0.182932732781607
"658",2.04747094222431,0.552159841720484,-1.00926780590914
"659",0.348959146974369,-0.177224042830262,0.631232053518003
"660",1.01954767668686,0.319666433523002,0.412021678419995
"661",1.17201689787337,0.268422084556741,-0.263351880894639
"662",1.3443078936202,0.126792627402917,-0.301568792836834
"663",2.05527228992281,0.648796346358998,-0.404637723189482
"664",2.31576438538222,0.701734200235135,-1.0044639450869
"665",1.52047090198843,-0.00618346456250679,0.0292668579731396
"666",1.46222756087594,0.055820616157104,0.0231326947978299
"667",1.08611298892794,-0.402799174283504,0.0744226466939362
"668",1.84600197042541,0.631515534726575,-0.0872666887800245
"669",2.29214989604505,1.10481277124822,-0.799373109559805
"670",1.28714829820666,-0.496458818454674,0.197926675967788
"671",1.69698794243607,0.241329864977533,-0.550144403551809
"672",0.911689711981463,0.344887670434553,-0.126227098547484
"673",2.92162815744576,1.17049922695997,-1.27792054123109
"674",2.14030145855783,0.584639002495865,-0.293909874947021
"675",0.163579357485145,0.0371282079954448,0.955561364293883
"676",0.812444616919224,-0.0906976146812583,-0.122818026256172
"677",2.25697742110085,0.882824040173608,-0.550784372871982
"678",0.415597477049968,-0.0852317878020656,0.396043630859892
"679",1.1265314051568,1.10391684725815,-0.244300040792806
"680",2.33903799198186,0.593357790142738,-0.160431362083014
"681",1.50538690679966,0.802376442540193,-0.354243311451341
"682",1.55640346832684,0.0330522301059486,-0.262573826759401
"683",2.53343346569065,1.34153681642128,-0.822941012529561
"684",0.528292911768483,-0.334057501973993,0.36958153576146
"685",2.20702775973709,1.0105680175684,-0.559260795696315
"686",1.51947601571889,0.30266665977335,0.132273430611673
"687",2.07367897179292,0.657437099340461,-0.561848569535143
"688",1.30348702981126,0.798284858794062,-0.42603340923207
"689",1.19571885066925,0.499459256029194,0.199473515221377
"690",1.57562352517011,1.12452782957252,-0.304264600727188
"691",1.77293086032137,0.668153295725263,0.120382431346992
"692",2.10669972584686,1.27382489300342,-0.0961245977278415
"693",0.645103675385065,-0.29245140582502,0.390778884524706
"694",2.59031107774062,0.674367567332242,-0.448818023347529
"695",1.39467055665787,0.500875270448706,-0.213293503776808
"696",1.95510919106168,0.75374400367107,-0.218953426681984
"697",0.159016312483767,-0.634394271044671,0.340650352560365
"698",1.35814166624898,0.112570798017302,0.0620059978744339
"699",2.22907913286395,0.811435376814165,-0.590723746140789
"700",1.94102317920487,1.08805888655331,-0.150668361970567
"701",0.377330950476125,0.20275168705675,0.254188083921892
"702",2.51415431640775,1.58721561467789,-0.675410856140142
"703",0.7584551863854,0.317006216393706,0.623074381479832
"704",1.23605408945221,-0.178713135904889,0.0384018501174992
"705",1.54242956670056,0.021525872491826,-0.178366244604641
"706",2.1058115250287,0.530428449688203,-0.52012892730823
"707",1.62079530873408,1.13801927991831,0.0296617152739063
"708",1.51758986511071,1.16671439826921,0.326089439673937
"709",0.444176032388598,-0.192321424041057,0.330939099454573
"710",1.27107106358249,0.350454272869534,0.487647228786764
"711",0.781664428102618,-0.338259319739575,-0.0837009960558907
"712",0.27985412455596,-0.627148708503115,0.29547464320412
"713",1.62416120436183,-0.238854250878486,0.0177541511785905
"714",0.687829938249034,-0.0784973187235518,0.292321137153646
"715",0.792137850350168,-0.38130016531967,0.0712291918819219
"716",1.60020204781752,0.311442839892084,-0.372101932356582
"717",1.12963093736347,0.643320507433402,0.376971296297369
"718",2.05612062404136,1.05144499572176,-0.090808714475494
"719",2.51369965621361,1.15824561065179,-0.842502748976319
"720",2.45861035772469,0.4393753261275,-0.565696889400041
"721",1.29113315259405,0.413098457858264,-0.137109167126107
"722",1.10898691580362,0.283844899906163,0.0370230841624704
"723",0.38444158950664,-1.11158853262803,0.0223748845079572
"724",0.423601440061428,0.332846361836075,0.569251128402631
"725",1.00534224561344,0.167758449715077,0.143170911875605
"726",0.51527497297947,-0.0310168211271273,0.12230100649014
"727",1.53198997476032,-0.00980466106540506,-0.00677989305274232
"728",1.67601189608884,0.405203253633757,0.0654428307957588
"729",1.20812267761359,-0.219084598552721,0.214434457503189
"730",1.89547570927141,1.04410647658641,-0.533899779806629
"731",1.57029245828388,-0.136686868353549,-0.0418492466133484
"732",1.92192627011797,1.18463440456514,-0.106824344195857
"733",0.557824108226817,-0.539590940419076,0.40319138068226
"734",1.31945649711553,-0.263152451295814,0.362033148084887
"735",1.05378565430622,-0.137355169270097,-0.37970867624719
"736",1.04874786736088,0.0704920419284441,0.336331210418437
"737",1.28343160754867,-0.191985465829635,0.109125480134487
"738",1.83745594326982,0.270747129948673,-0.362682609195693
"739",0.38804185936053,-0.465576548959159,0.287019036848203
"740",0.59860097485811,-0.870978798458035,0.34140522036591
"741",2.64082743278935,0.42956302531834,-0.707561280075533
"742",1.84994394962818,0.864411442573021,-0.315728223130812
"743",0.497506343966312,-0.147997242728837,0.384526317774895
"744",2.37463825978308,0.567287246442086,-0.769978672485786
"745",2.05288819628793,0.397404919798341,-0.161740359044347
"746",-0.326134056912865,-0.13184360729187,0.563045424929225
"747",1.62373749931437,0.774928069235815,0.112341357840966
"748",0.948709294244019,-0.144982559792904,0.325631125426984
"749",2.14789166208616,0.787635370244348,-0.346252119671856
"750",0.984530192154115,0.35091054347941,-0.532873395002197
"751",0.411348775866606,-0.444240118669083,0.335599078678349
"752",1.22013219709575,0.23790253875957,0.380167648618699
"753",1.71552431850974,0.63945534854454,-0.134879375990116
"754",1.62637438279668,0.203859694062764,-0.0798518070539361
"755",1.90413041408224,0.157234610350114,-0.173434932697085
"756",1.5207294077455,0.610985068824567,-0.319953767516514
"757",1.86645738908644,1.59293018427763,0.0256675798946947
"758",1.56248998345256,0.0123480912203998,0.0911875425565262
"759",1.3941253799233,0.341785338566893,-0.278934870029533
"760",2.12007689618627,0.685611627428329,-0.671799219321249
"761",1.29194074980853,0.419055946090663,0.199684886236742
"762",2.15903576083241,0.983771201280386,-0.814910844541079
"763",0.967948915406805,0.693176852203537,0.0877759949987934
"764",1.08955826993192,0.0777367084224787,0.438347221143248
"765",1.18992515732383,-0.251498222575575,-0.414034549627169
"766",0.693336637058571,0.262953599977868,0.430245191912277
"767",1.9067564931295,0.423509837243999,-0.12088495757606
"768",1.59428057738015,0.737665010137665,-0.39422458626748
"769",1.33080264180153,-0.224326191268105,0.19198343623091
"770",1.07091401917267,0.26393824446621,0.311080549778655
"771",1.70319703545925,0.394212680583429,-0.745255029785662
"772",1.02252343357904,0.292537054679258,0.138212648348664
"773",0.380886339301556,-0.297338858369147,0.236856744282759
"774",1.93140317508314,0.256824048429933,-0.71261648607353
"775",1.07768482772087,0.589521329520909,-0.298405412355847
"776",0.84344885000073,0.551009612503855,0.198358552901654
"777",1.53961311526985,0.8022101531596,-0.0530340658844395
"778",1.15703271469741,-0.0701746327226527,-0.125007426401805
"779",0.90163952458791,0.410296300951045,0.587819019369176
"780",2.92921718451396,0.964482603130412,-0.299595168212911
"781",1.21119042565727,0.203103391001046,0.177639600786706
"782",0.837755960184896,0.148361162368687,0.280459480444404
"783",0.588800027184695,-0.570005702312842,-0.148914969359714
"784",1.75800083381145,0.341116126538963,-0.143205703773567
"785",1.39338814504431,-0.176339812805249,-0.269280858824972
"786",2.57493331822587,1.36501652902407,-0.950846062791641
"787",1.69507325754848,0.307801409901572,-0.339034675609633
"788",1.22810214972987,-0.124700111045787,-0.00935729525380311
"789",1.00896050728602,-0.0286646415617109,-0.140840498013556
"790",2.2122762764043,1.01277834499884,-0.320404964495879
"791",1.98306331107584,0.824276248547284,0.0289540147330562
"792",2.08300193556671,0.798417037221066,-0.329441030632556
"793",2.47641953546688,0.152588696587557,-0.513429811934967
"794",0.298169074464354,0.256778017545588,0.0122153802596352
"795",1.35491454810726,0.0835624903193679,0.202579079779333
"796",1.61018518854946,-0.345040887431854,-0.349172935836841
"797",0.264978033415423,0.651863945503182,0.439656307278737
"798",1.43893872465567,1.45447709145275,-0.193979520457432
"799",1.60320943696062,0.300845937622136,-0.417092127426776
"800",1.57356510900411,0.512007865574747,-0.791134017558745
"801",1.51838497896636,0.351008355351984,-0.109771897863305
"802",3.11858142451055,1.37641139530408,-0.810992681716529
"803",1.33397898337324,0.47941702964617,0.255893031761043
"804",1.65361573582652,-0.129592375582051,-0.119388555993437
"805",0.617333752473867,0.277984970233408,0.385398415834384
"806",2.45490719932115,0.486059234751387,-0.411813910299305
"807",1.3223172661339,-0.321667720885836,-0.336402123937286
"808",1.43746315589215,0.801264817365234,0.120144462781582
"809",2.87005329307177,1.79497699053508,-0.736573901555825
"810",1.18924561959326,0.305369249959479,-0.641091734790856
"811",1.41449635854857,0.649682599634467,-0.16636808424546
"812",0.945668200811853,-0.171628755925985,-0.444521539090791
"813",0.943899596171847,0.510646700435779,-0.336555586431999
"814",1.48602967360757,0.00812721763228241,-0.103768908615043
"815",1.08814494248139,-0.392098679707084,0.148864955117357
"816",0.565352269390415,0.0264673687758308,-0.332188670362535
"817",1.43762967541759,0.705317391682395,-0.675024199330463
"818",1.1133066909941,0.55918051871008,-0.044234017239097
"819",1.85690563208945,0.77918125652984,-0.94582426689218
"820",0.985465554122805,-0.18735779415593,0.240066305511826
"821",1.84256970106591,1.20857961588142,-0.6137049566202
"822",0.922307599555883,0.102710638706753,0.0918368337494028
"823",1.26579726748326,0.545479606186203,-0.012890725827703
"824",1.45315601741728,0.475916354345631,-0.0730278768346182
"825",2.56029919150207,1.08931868652496,-0.414829871898087
"826",1.47432854384891,0.274149857365083,-0.13224572636859
"827",2.41275018983317,0.35558928733867,-0.305422385617172
"828",0.509243513488218,0.698427364564668,0.419477598753037
"829",1.88030207491028,0.0917126516360238,0.0543829329379956
"830",0.464603572297604,-0.11617116468169,0.240920135098318
"831",1.95641992802829,0.830108520042067,-0.666166226211195
"832",2.51647100010664,1.40874464245415,-0.230331399283522
"833",0.273073666069118,-0.358588130285103,-0.0580169878725758
"834",1.03827467898391,-0.0962116496261129,-0.0958849319753885
"835",1.81500701553531,0.323057823225088,-0.67110232099303
"836",0.34565356230033,0.369318988968663,-0.103596713016412
"837",2.02437015798879,1.369867078348,-0.182767463330876
"838",2.09808095566068,0.260826083915628,-0.328816599152564
"839",1.31061570070798,0.418772530555716,-0.318654960157556
"840",2.21059256080545,0.976408089527662,-0.594444444502119
"841",1.44594642563635,-0.169238805772951,0.151030859571862
"842",2.08190406879537,0.799774921451469,-0.358278896581915
"843",1.3685297956815,-0.446811629584849,-0.102717442463024
"844",1.7317671285887,0.728011110923079,-0.465403110963491
"845",1.79408754976584,0.456595022369963,-0.017823723924346
"846",2.19670296364562,0.331110004310733,-0.351450680860075
"847",1.06857962257027,0.0921140551472647,-0.0734749687781487
"848",2.13389923522299,1.84368171936337,-0.95752454557976
"849",1.19604082352652,0.0880489879343798,0.0727936190246544
"850",0.675217596220526,0.136207781547651,0.482266611583664
"851",0.847213566467551,0.649221315058271,2.32566178350185e-05
"852",1.42921625930793,0.785820761256404,0.0348079189708397
"853",3.27962380349423,1.89320406174903,-1.00442298619022
"854",0.358344622726018,0.0494488492459982,0.068736282857876
"855",1.2744119780905,0.392639475024054,-0.125546100670407
"856",2.4892303505125,0.660904724079858,-0.696612706663886
"857",0.902432224567738,0.471833861683344,0.155998559435343
"858",2.20992430465192,0.685617007150615,-0.658044696920607
"859",2.38459429981807,0.431572951394917,-0.630480273852638
"860",2.86891254823304,1.26353666406742,-0.72046367627473
"861",0.950115960816629,0.0877834418099293,-0.0861999625313898
"862",0.741176333331697,0.127108594545355,-0.46138740990523
"863",0.791183826919273,0.235055825706258,0.894071763405177
"864",1.0427662009238,0.706592598496951,-0.261908854212268
"865",0.86121549330155,0.401015862654293,0.354093802788543
"866",2.25031691320602,0.519761638354983,-0.423173056833459
"867",0.749270492531881,0.828672096111551,0.179939721793021
"868",1.82341353311245,0.994668041081021,-0.149075358740215
"869",1.80897731679655,0.793840678740266,-0.461181255402769
"870",0.735879672395565,0.362822719594495,0.290128599045382
"871",1.08727961135376,-0.0591545028582144,-0.205435427442789
"872",2.09793450753682,0.371472710309597,-0.436591808132135
"873",2.09379013451531,0.299535540277122,-0.288294173812975
"874",1.64675921302871,0.585595695852598,0.0270291755498613
"875",0.497797954645772,-0.588623873699991,0.224939850752694
"876",0.519484986433139,-0.69267260276237,0.431006112426433
"877",2.23363161350292,1.28558699644517,-0.559358059265989
"878",0.740887217577696,-0.693944451189497,0.0520609977056207
"879",0.784526280155836,-0.129271332815476,0.306239672803981
"880",1.12052953366015,0.954968323237159,-0.214227773901706
"881",1.70447344609566,0.535545412442128,-0.137811892196797
"882",2.66624107162876,0.424168161806183,-0.478516402906482
"883",1.31596836201721,0.70093290747216,-0.0732914596367565
"884",1.1742438779705,1.18057131788832,-0.153129247199642
"885",0.868017504813898,-0.388130938839964,0.594712863402003
"886",0.482143370713597,0.2753379788505,0.0283500554194494
"887",2.30024740331242,1.19805886508805,-0.0317628135539743
"888",1.99181260901434,0.651976142050326,0.071169712261303
"889",1.41051434693548,0.280388213611453,-0.184140029243947
"890",0.171868643888407,-0.262357144758488,0.169175479718979
"891",1.90893849765186,0.288074228311172,-0.489031988625856
"892",1.70687069690997,0.451731214690271,0.234976467234507
"893",1.93320912415792,0.221813745952703,-0.430061369471168
"894",1.71232441380377,0.687059307639355,-0.206183940305573
"895",1.96320286817913,0.712455718707304,-0.136584727520014
"896",1.70043893019749,0.561481106219456,0.158241644462327
"897",1.51326414017505,0.470219346696114,-0.40428782764482
"898",1.3451052564372,1.06347635943436,0.114177656243882
"899",2.46462968928831,1.08648830178489,-0.793320122527071
"900",2.06163338244667,0.763584887907681,-0.444903177591568
"901",1.1787954126772,-0.180600721383546,-0.139023896060338
"902",1.2173883045487,-0.301486306070747,0.198939775588454
"903",0.568263450896369,0.613902673909461,0.396050985509237
"904",1.1561266515044,0.671488217934428,0.174016791256506
"905",0.160702623387551,-0.381450180287739,0.164966738511883
"906",0.684575848223635,0.236653065421858,0.718041392897716
"907",1.70668497453935,-0.0524625770832209,-0.0481361232189809
"908",0.372412981267051,0.376308831100781,0.302926259133264
"909",0.558510787196424,0.474119922661999,-0.120714724212994
"910",1.47980656639233,0.852047829688663,-0.0108910498291427
"911",1.37319435322274,-0.354022996942712,-0.467552882665738
"912",3.0402359922303,1.37273849922168,-0.944099425786854
"913",1.45114736260829,0.895326639437453,-0.576403046193393
"914",0.980182121940475,0.439121765822852,0.221804953694963
"915",1.41657576071825,0.830914456046326,0.0971594485474049
"916",1.47519848555299,0.197022099969605,0.0815223737048685
"917",0.0470676349753472,-0.311012059819689,0.635954187191293
"918",1.15992691940654,-0.403017711068752,0.238666598759738
"919",1.60605559264102,0.168002975062544,-0.349576759528313
"920",2.39679802831329,0.504054596076552,-0.548278472504688
"921",1.06085159965268,-0.0562643077466821,0.251909689376056
"922",1.21284259418986,0.482831363723296,0.145099198257392
"923",3.49156036869313,1.3227181133295,-1.05568432434901
"924",1.76608982338963,0.778176080814817,-0.206479332833747
"925",2.19566280525447,0.746435701293525,-0.573310972822341
"926",2.2534836851482,0.326849054822209,-0.855856637143047
"927",2.90035487349116,1.65529974132558,-0.858214491031349
"928",1.64461948646035,1.09422177178,0.31277975244957
"929",1.51827736577115,0.287937501578505,-0.413804585423805
"930",1.19173002695895,0.310578501555196,-0.294662291145091
"931",1.09824522727607,-0.0204876239819527,0.110312296307938
"932",1.74915381113986,1.18041198511689,0.229836424611252
"933",0.497166458888622,0.222407199319534,0.214573649367145
"934",1.28706155105607,-0.443883995798545,-0.100161074257504
"935",1.85387465953218,0.742238257972335,-0.270363998180028
"936",3.19458550279853,2.29313640189914,-1.13805600690214
"937",0.788268954126007,-0.267954129549825,0.363461663536217
"938",1.52041938889064,-0.128790752424441,-0.211786270277158
"939",0.685477686407706,0.490607336533858,0.0391565131977748
"940",1.56259210248929,1.11673442841122,0.018973727217336
"941",0.951244071157628,0.50097167691164,0.323383750512508
"942",0.27030411296129,0.0801033011269194,0.55645159628617
"943",2.0487927406123,0.340844184823346,-0.560826667469145
"944",2.21842904468959,0.718311050492562,-0.375685792473643
"945",0.195677358019217,0.261034575873446,0.625653787292639
"946",1.55449865182824,0.388191860436424,0.0947055302476837
"947",1.82550980853887,1.2367977245785,-0.329556559039295
"948",2.23125205492961,0.386808414811421,-0.300182043235478
"949",1.14560801693741,0.170222462312288,0.0768096231691284
"950",2.17220917282213,0.93261029766992,-0.489749727188321
"951",1.97073335729989,0.603404506632047,-0.320371069754062
"952",1.89996786914237,0.620880864649111,-0.376809640937737
"953",2.08085020731892,0.836683497947018,-0.164408281572686
"954",2.1060948469007,0.565836854078317,-0.383735952691104
"955",1.00843380308936,0.0530828807363066,-0.100003233909563
"956",0.83640566043815,0.363573573776006,-0.0487091943818571
"957",1.21269952303322,0.174307374812357,-0.480846665208826
"958",1.72633564693983,0.465151300888083,-0.226403051820726
"959",2.35472457677398,0.867638170897594,-0.43330549510323
"960",0.767451265364073,0.609226523680951,0.57174718799084
"961",2.24568406605151,0.0905533957766032,0.0475875349155884
"962",1.17143547015957,-1.10605695220056,0.27663167927969
"963",2.5044803205959,0.602257973331185,-0.955668480884093
"964",1.61353363244224,0.854091118585322,0.424794407328208
"965",1.160806671912,0.624862027420127,-0.0788153670431491
"966",1.72272428402253,0.262013123788488,0.215705599435482
"967",0.260135287654353,-0.246354792622634,0.613987832396092
"968",1.10150545423458,-0.193300675905903,-0.128525026405983
"969",1.43136160867125,1.36275671706337,-0.102640991309054
"970",0.352257233877542,-0.500578897030821,0.259025977313818
"971",1.69065257622003,0.322865927409546,-0.259117785320267
"972",1.71580733600043,-0.153799364864022,-1.05493015550581
"973",0.0393958125653935,-0.265189602842175,0.595804738733281
"974",1.46726011022567,0.660176941231587,-0.096886232161842
"975",1.01618442007218,0.778234496573854,-0.610735932984068
"976",1.88934467161411,0.504891909718982,-0.454719110344443
"977",0.714126382849004,-0.134782476118641,0.0982017009755595
"978",0.486869313898508,-0.276574043288977,0.459725815476503
"979",1.71309335664209,0.529605813702359,-0.428996690539129
"980",0.418327826350565,0.749705781596717,0.475571970888185
"981",1.5919923055545,0.523494435412659,0.178970732928953
"982",1.69727679249219,-0.0467557742610364,-0.71969977349671
"983",1.32490695449481,0.151426859723177,-0.296398566089422
"984",2.85690990079581,0.762477139107735,-0.866769247460347
"985",0.743015032048422,0.743051794816636,0.470864254019774
"986",1.17009692261966,-0.112946341086319,0.104927668292438
"987",1.70463710533941,0.0400723976384718,-0.222300504396952
"988",0.264250715153011,-0.353179470400846,0.430936464017042
"989",1.61059486085382,0.862939525438009,0.149512136114534
"990",1.81864293319383,0.705438001105009,-0.0805678102989116
"991",1.76510078742526,0.897112421752637,-0.457080773226675
"992",1.23822870158439,1.15501444277401,-0.246600099820819
"993",0.299096172448327,-0.838210672905306,0.723710034038052
"994",1.71592049387135,1.30120310583396,-0.0396844723036978
"995",0.924720495618777,0.223179159875393,0.525982735452989
"996",1.95531960960701,-0.191547479579397,-0.413401684677675
"997",1.83236232084971,0.588189292316644,-0.288875184024007
"998",1.17466892530463,0.895440145994073,0.0306311047508036
"999",1.83217305213013,0.228219242659987,-0.384993807860339
"1000",1.2647850223014,0.0453668337653813,-0.103032182361344
